Driven Brands - MSO,,,,,,,,,,,,,,,,,,
01 - Daily Out List - Production Schedule,,,,,,,,,,,,,,,,,,
Locations: CARSTAR CITY AUTO BODY,,,,,,,,,,,,,,,,,,
"Filters: Total Loss: Exclude, Estimator: All, Insurance Company: All, Primary Referral: All, Secondary Referral: All, RO Status: All, Scheduled: Include, Repairs Completed: Include, No Repair Plan: Include, Field 1: All, Field 2: All",,,,,,,,,,,,,,,,,,
Sorted By: RO Number (ASC),,,,,,,,,,,,,,,,,,
,,,,,,,,,,,,,,,,,,
      RO Number,      Owner,      Vehicle In,      Vehicle,      Estimator,      Insurance Company,      Current Phase,      RO Hours,      Days in Shop,      Parts Received %,      Labor Assigned %,      Sublet $,      Sales $,      Body Technician,      Paint Technician,      Repair Plan Comments,      Scheduled Out,,
1004,MECHANICAL INVOICES,4/10/2023 8:00:00 AM,2011 TOYO Camry LE Automatic,Chad White,INTERNAL,[Completed],0,258,0.875,0,105,383.88,,,,,,
1799,"THORNHILL, SHELLY",11/15/2023 10:00:00 AM,2020 HOND Accord Sedan LX w/Continuously Variable Transmission,Sep Sadeghi,SELF PAY,[Scheduled],0.1,0,1,0,0,52.67,,,,,,
1812,"DE SANTIAGO, MARIA",1/29/2024 8:00:00 AM,2004 ACUR MDX Touring w/Navigation,Sep Sadeghi,STATE FARM INSURANCE COMPANIES,[Scheduled],1.2,0,0.933333,0,0,362.38,,,,,,
2030,"ISIDIORA, DENNIS",,2013 MAZD 3 i Touring Automatic,Jim Defalco,SELF PAY,[No Plan],13.1,0,1,0,0,2356.48,,,,,,
2164,"SKRIMSTAD ROBLES, OLIVIA",4/29/2024 8:00:00 AM,2019 Toyota Highlander,Anthony Gonzalez,MERCURY INSURANCE GROUP,[Scheduled],21.5,0,0.833333,0,0,2766.88,,,,,,
2513,"BAKER, STEVEN",1/29/2024 8:00:00 AM,2008 VW Beetle Convertible (New) S Automatic PZEV,Sep Sadeghi,STATE FARM INSURANCE COMPANIES,[Scheduled],9.7,0,0.666667,0,0,2124.54,,,,,,
2576,FIRST AUTO GROUP,,2020 HOND Civic Sedan LX w/Continuously Variable Transmission,Jim Defalco,SELF PAY,[No Plan],6.5,0,0,0,0,770,,,,,,
2599,"KURT, GOESCH",,"2022 GMC Sierra 1500 Limited Pro Regular Cab 140"" WB",Tony Nguyen,SELF PAY,[No Plan],0.6,0,1,0,0,119.92,,,,,,
2642,"SCHROEDER, KARLI",2/7/2024 12:30:00 PM,2017 VOLV XC90 T5 Momentum AWD w/5-Passenger Seating,Anthony Gonzalez,AMTRUST FINANCIAL SERVICES,01 DFR,40.3,41,0.5,0,119.94,7357.51,,,,,,
2682,"GABAYA, JOYCEL",,2022 JEEP Gladiator Mojave 4WD,Tony Nguyen,ALLSTATE NORTHBROOK INDEMNITY COMPANY,[No Plan],9.4,0,0,0,0,2327.25,,,,,,
2717,"PELAEZ, DAVID",2/21/2024 3:00:00 PM,2023 RAM 1500,Anthony Gonzalez,MERCURY INSURANCE GROUP,[Not Started],77.5,31,0.782609,1.09032258,72,9231.46,JOSE MORENO,SERGIO ROLON,,,,
2757,"Ceja, Manuel",,2021 HOND Accord Hybrid EX,Anthony Gonzalez,AMERICAN FAMILY CONNECT PROPERTY AND CASUALTY INSURANCE CO,[No Plan],33.3,0,0,0,128.99,5143.12,,,,,,
2805,"WYATT, MARK",4/8/2024 8:00:00 AM,2022 CHEV Corvette Stingray LT3,Sep Sadeghi,INTEGON NATIONAL INSURANCE COMPANY,[Scheduled],6.7,0,1,0,0,2036.75,,,,,,
2821,"MERRITT, JAMES",4/11/2024 8:30:00 AM,2016 MAZD CX-5 Touring Automatic FWD,Sep Sadeghi,STATE FARM INSURANCE COMPANIES,[Scheduled],49.7,0,0,0,124.93,8050.11,,,,,,
2827,"Bordeaux, Silvie",4/3/2024 8:00:00 AM,2018 BENZ GLE 350,Sep Sadeghi,GEICO GENERAL INSURANCE COMPANY,[Scheduled],11.9,0,0,0,0,2128.09,,,,,,
2833,"BROWN, KELLY",3/12/2024 8:00:00 AM,2007 Toyota Camry,Anthony Gonzalez,MERCURY INSURANCE GROUP,01 DFR,0,17,0,0,0,0,,,,,,
2845,"Bruck, Steve",3/14/2024 12:30:00 PM,2021 Honda ACCORD,Anthony Gonzalez,MERCURY INSURANCE GROUP,[Not Started],89.5,15,0.904762,1.025698324,152.628,13766.47,JERRY SAUCEDO,SERGIO ROLON,,,,
2848,"NIGHTINGALE, SHERRE",3/25/2024 10:00:00 AM,2020 BENZ C-Class C300,Anthony Gonzalez,THE BODY SHOP,01 DFR,6.1,8,0,1.032786885,0,463.67,JERRY SAUCEDO,SERGIO ROLON,,,,
2857,"SCHLOETEL, STACY",3/15/2024 8:00:00 AM,2007 Honda Odyssey,Anthony Gonzalez,MERCURY INSURANCE COMPANY,01 DFR,0,14,0,0,0,0,,,,,,
2867,"Sterling, Karin",4/4/2024 4:30:00 PM,2017 Jeep Wrangler,Anthony Gonzalez,MERCURY INSURANCE GROUP,[Scheduled],1.5,0,0.75,0,0,1238.52,,,,,,
2870,"KEECH, RYAN",3/20/2024 8:30:00 AM,2018 Lincoln MKT,Sep Sadeghi,PROGRESSIVE,01 DFR,38.3,11,0,0.516971279,500,6969.59,JOSE MORENO,,,,,
2871,"PAVIA, TOM",4/3/2024 9:30:00 AM,2017 KIA Soul + Automatic,Jim Defalco,SELF PAY,[Scheduled],8.8,0,0,0,0,922,,,,,,
2875,Keystone Warranty,,2015 HYUN Sonata Hybrid,Jim Defalco,SELF PAY,[No Plan],4.4,0,0,0,0,396,,,,,,
2890,"DEAL, CHRISTOPHER",3/22/2024 10:00:00 AM,2018 Jeep Grand Cherokee,Anthony Gonzalez,MERCURY INSURANCE GROUP,01 DFR,3.5,9,0,0.857142857,0,205.5,BRIAN RAMIREZ,,,,,
2895,"NIGHTINGALE, SHERRE",3/25/2024 10:00:00 AM,2020 Mercedes Benz C300,Anthony Gonzalez,MERCURY INSURANCE GROUP,01 DFR,6.5,8,0,1,0,498,JERRY SAUCEDO,SERGIO ROLON,,,,
2896,"NIGHTINGALE, SHERRE",3/25/2024 10:00:00 AM,2020 BENZ C-Class C300,Anthony Gonzalez,SELF PAY,01 DFR,6.5,8,0,1,0,491.83,JERRY SAUCEDO,SERGIO ROLON,,,,
2898,FIRST AUTO GROUP,3/25/2024 10:30:00 AM,2016 TOYO Prius Two,Jim Defalco,SELF PAY,01 DFR,20.4,8,0,1,0,1865.76,BRIAN RAMIREZ,SERGIO ROLON,,,,
2900,"hayes, jerry/savanah",3/27/2024 8:00:00 AM,2021 VW Jetta GLI Autobahn w/Direct Shift Gearbox,Jim Defalco,SELF PAY,[Scheduled],12.4,0,0,0,0,1675.4,,,,,,
2901,"OUTMAN, AMBER",4/2/2024 1:00:00 PM,2006 CHEV Cobalt SS,Sep Sadeghi,PROGRESSIVE,[Scheduled],8.4,0,0,0,0,1798.54,,,,,,
2907,"CHUI, TONY",4/2/2024 9:00:00 AM,2017 Mercedes Benz GLS450,Anthony Gonzalez,MERCURY INSURANCE GROUP,[Scheduled],10.6,0,1,0,0,1455.1,,,,,,
2919,"KLICK, LOREN",3/28/2024 8:00:00 AM,2019 Toyota PRIUS,Anthony Gonzalez,MERCURY INSURANCE GROUP,[Not Started],71.8,5,0,1,0,8629.65,JERRY SAUCEDO,SERGIO ROLON,,,,
2920,"LOPEZ, PATRICIA",4/15/2024 8:00:00 AM,2020 AUDI A5 Sportback Premium Quattro TFSI,Tony Nguyen,AUTO CLUB ENTERPRISES,[Scheduled],23.9,0,1,0,0,5182.69,,,,,,
2923,"EDGINGTON, TRICIA",,2013 LEXU CT 200h Hybrid,Jim Defalco,SELF PAY,[No Plan],8.7,0,0,1,0,591.14,JERRY SAUCEDO,SERGIO ROLON,,,,
2924,"HEBERT, SCOT",4/8/2024 8:00:00 AM,"2017 RAM 2500 Laramie Mega Cab 4WD w/6'4"" Box",Tony Nguyen,AUTO CLUB ENTERPRISES,[Scheduled],31,0,0.25,0,119.94,4614.29,,,,,,
2925,"KONANTZ, JAMES",4/4/2024 11:00:00 AM,2012 SUBA Outback Limited Automatic PZEV,Tony Nguyen,SELF PAY,[Scheduled],9.4,0,1,0,0,1649.37,,,,,,
2926,"KIRKPATRICK, SEAN",4/8/2024 8:00:00 AM,"2018 GMC Canyon Crew Cab 128.3"" WB",Tony Nguyen,AUTO CLUB ENTERPRISES,[Scheduled],37.8,0,0.111111,0,0,4741.54,,,,,,
2928,"YOUNG, VICTOR",4/22/2024 8:00:00 AM,2018 BMW 440i Gran Coupe,Anthony Gonzalez,MERCURY INSURANCE GROUP,[Scheduled],18,0,0,0,0,2959.53,,,,,,
2929,"WATTS, PAUL",4/4/2024 11:00:00 AM,2019 CADI Escalade Luxury 4WD,Sep Sadeghi,STATE FARM INSURANCE COMPANIES,[Scheduled],21.2,0,0.8,0,0,3543.53,,,,,,
2931,"ROWLEY, DEBRA",4/10/2024 8:00:00 AM,2018 HOND CR-V EX,Tony Nguyen,AUTO CLUB ENTERPRISES,[Scheduled],24.5,0,1,0,0,2025.68,,,,,,
2932,"CALLEJA, ALEJANDRO",,2019 TOYO Prius XLE,Sep Sadeghi,STATE FARM INSURANCE COMPANIES,[No Plan],11.9,0,1,0,0,1829.55,,,,,,
2933,"MORRIS, GREG",4/1/2024 9:00:00 AM,2012 Toyota Corolla,Anthony Gonzalez,MERCURY INSURANCE GROUP,[Not Started],9.9,3,0.055556,1,119.94,1549.34,JOSE MORENO,SERGIO ROLON,,,,
2935,"CITY, JUAN",,1998 HOND Accord Sedan DX Manual,Anthony Gonzalez,SELF PAY,[No Plan],0,0,1,0,0,298.88,,,,,,
2936,"WATTS, PAUL",,2019 CADI Escalade Luxury 4WD,Sep Sadeghi,SELF PAY,[No Plan],0,0,1,0,0,150.32,,,,,,
2937,"MURPHREE, KERRY",,2003 TOYO Sienna LE,Tony Nguyen,SELF PAY,[No Plan],2.1,0,1,0,0,356.37,,,,,,
2939,"PEREZ, ENRIQUE",4/1/2024 2:00:00 PM,2022 HOND Accord Hybrid Sport,Sep Sadeghi,STATE FARM INSURANCE COMPANIES,01 DFR,54.5,3,0,0,174.93,10403.14,,,,,,
2942,"GUZMAN, JOHN",,2016 MINI Cooper Hardtop S,Anthony Gonzalez,SELF PAY,[No Plan],1.4,0,0,0,0,588.23,,,,,,
2943,"VALLENTGOED, ANDREW",4/4/2024 1:00:00 PM,2016 Lexus NX 200t,Anthony Gonzalez,MERCURY INSURANCE GROUP,[Scheduled],9.9,0,0,0,137.94,2678.57,,,,,,
2944,SIMI VALLEY TOYOTA,4/2/2024 10:30:00 AM,2024 TOYO RAV4 XLE Premium FWD,Chad White,DEALER,04 Body,14.4,2,0,1,0,735.94,BODY - WORKORDER,SERGIO ROLON,,,,
2683,"GABAYA, JOYCEL",2/9/2024 8:00:00 AM,2022 JEEP Gladiator Mojave 4WD,Tony Nguyen,ALLSTATE NORTHBROOK INDEMNITY COMPANY,04 Body,54.6,39,0.717949,0.956043956,329.94,13198.79,JOSE MORENO,SERGIO ROLON,,4/2/2024 8:00:00 AM,,
2865,"RINGLED, KENNETH",3/19/2024 8:30:00 AM,2017 BMW 340i,Sep Sadeghi,PROGRESSIVE,[Completed],15.6,12,1,1,0,3060.42,JERRY SAUCEDO,SERGIO ROLON,,4/2/2024 5:00:00 PM,,
2719,"ODELL, APRIL",2/28/2024 1:00:00 PM,2016 Honda CIVIC,Sep Sadeghi,ALLIANZ,[Completed],53.7,26,1,1,0,8179.86,JERRY SAUCEDO,SERGIO ROLON,,3/27/2024 5:00:00 PM,,
2742,"Boyce, Ethan",3/25/2024 4:00:00 PM,2023 FORD Bronco Black Diamond 4WD,Sep Sadeghi,GEICO GENERAL INSURANCE COMPANY,04 Body,20.8,8,0.941176,0.995192307,144.94,4106.31,JOSE MORENO,SERGIO ROLON,,4/1/2024 5:00:00 PM,,
2826,"SANTOS, OSCAR",2/19/2024 8:00:00 AM,2016 TOYO RAV4 XLE FWD,Sep Sadeghi,SELF PAY,04 Body,69.1,33,0.869565,1,150,11659.13,JOSE MORENO,SERGIO ROLON,,4/5/2024 5:00:00 PM,,
2866,"AACTION PEST CONTROL, AACTION PEST CONTROL",3/25/2024 10:00:00 AM,"2016 FORD F-150 XL Regular Cab 141"" WB",Sep Sadeghi,STATE FARM INSURANCE COMPANIES,04 Body,37.1,8,1,1,0,6840.94,JOSE MORENO,SERGIO ROLON,,4/5/2024 5:00:00 PM,,
2910,"GUZMAN, OLIVIA",4/2/2024 8:30:00 AM,2023 HOND Civic Sedan Sport w/Continuously Variable Transmission,Jim Defalco,3RD PARTY,01 DFR,16.2,2,0.5,1,0,1968.43,JOSE MORENO,SERGIO ROLON,,4/5/2024 4:12:00 PM,,
2913,"CARTER, JAMES",4/1/2024 8:30:00 AM,2023 ACUR MDX FWD,Sep Sadeghi,STATE FARM INSURANCE COMPANIES,01 DFR,23.7,3,0.5,1,0,2857.56,BRIAN RAMIREZ,SERGIO ROLON,,4/5/2024 5:00:00 PM,,
2915,"ROBLES, AARON",4/1/2024 9:30:00 AM,2020 HOND Civic Hatchback Sport Touring w/Continuously Variable Transmission,Sep Sadeghi,STATE FARM INSURANCE COMPANIES,04 Body,16,3,0.125,1,0,2095.92,JERRY SAUCEDO,SERGIO ROLON,,4/5/2024 5:00:00 PM,,
2921,"CRISOL, JACKILYN",4/1/2024 4:00:00 PM,2012 HOND CR-V EX,Sep Sadeghi,STATE FARM INSURANCE COMPANIES,01 DFR,8.3,3,0.35,1,0,1730.12,JERRY SAUCEDO,SERGIO ROLON,,4/5/2024 5:00:00 PM,,
2922,"EDGINGTON, TRICIA",3/29/2024 8:30:00 AM,2013 LEXU CT 200h Hybrid,Sep Sadeghi,STATE FARM INSURANCE COMPANIES,04 Body,19.6,4,0.96,1,149.93,4098.52,JERRY SAUCEDO,SERGIO ROLON,,4/5/2024 5:00:00 PM,,
2938,AEROVIROMENT,4/1/2024 11:00:00 AM,"2007 FORD Ranger XLT Supercab 126"" WB",Sep Sadeghi,SELF PAY,04 Body,7.2,3,0,1,0,1431.93,BODY - WORKORDER,SERGIO ROLON,,4/5/2024 5:00:00 PM,,
2813,"LUNA, GERALDO",3/1/2024 8:00:00 AM,2016 Chevrolet Camaro,Sep Sadeghi,PROGRESSIVE,04 Body,70.1,24,0.65,1,230,10545.28,JOSE MORENO,SERGIO ROLON,,4/9/2024 5:00:00 PM,,
2861,"MENDOZA, GUILLERMO",4/1/2024 4:00:00 PM,2009 MITS Galant ES,Tony Nguyen,AUTO CLUB ENTERPRISES,01 DFR,16.8,3,0.333333,1,371.94,1531.64,BRIAN RAMIREZ,SERGIO ROLON,,4/4/2024 5:00:00 PM,,
2903,"MEADE, GARY",4/1/2024 11:00:00 AM,2022 HYUN Sonata Hybrid Limited,Tony Nguyen,AUTO CLUB ENTERPRISES,01 DFR,14.8,3,1,1,0,1787.82,JERRY SAUCEDO,SERGIO ROLON,,4/4/2024 5:00:00 PM,,
2904,"Adams, John",3/26/2024 8:00:00 AM,2017 FIAT 500e,Tony Nguyen,AMERICAN FAMILY CONNECT PROPERTY AND CASUALTY INSURANCE CO,01 DFR,24.9,7,0.307692,0.935742971,146.51,3900.77,BRIAN RAMIREZ,SERGIO ROLON,,4/4/2024 4:00:00 PM,,
2908,"FILS, IRA",4/1/2024 9:00:00 AM,"2002 FORD Super Duty F-350 w/Single Rear Wheels XL Supercab & Chassis 162"" WB 60""",Sep Sadeghi,STATE FARM INSURANCE COMPANIES,04 Body,7.4,3,0.25,1,0,2405.55,JERRY SAUCEDO,,,4/4/2024 5:00:00 PM,,
2843,"DOWNEY, KENNETH",3/14/2024 10:00:00 AM,"2020 GMC Sierra 1500 Denali Crew Cab 157"" WB 4WD",Sep Sadeghi,STATE FARM INSURANCE COMPANIES,04 Body,73.5,15,0.871795,1,500,14763.8,NACHO SANDOVAL,SERGIO ROLON,,4/11/2024 5:00:00 PM,,
2884,"VIOLETTE, JENNIFER",3/25/2024 10:00:00 AM,2018 KIA Sorento L FWD,Sep Sadeghi,STATE FARM INSURANCE COMPANIES,04 Body,52.7,8,0.846154,1.075901328,149.93,8393.95,JERRY SAUCEDO,SERGIO ROLON,,4/12/2024 5:00:00 PM,,
2930,"OLSON, JASON",3/29/2024 4:00:00 PM,2005 FORD Mustang GT Premium,Tony Nguyen,AUTO CLUB ENTERPRISES,01 DFR,35.8,4,1,1,0,2849.7,BRIAN RAMIREZ,SERGIO ROLON,,4/12/2024 5:00:00 PM,,
2940,"GIBBS, JOSEPH",4/2/2024 11:30:00 AM,2016 KIA Soul ! Automatic,Tony Nguyen,AUTO CLUB ENTERPRISES,01 DFR,31.5,2,0,0,282.44,3986.11,,,,4/12/2024 4:00:00 PM,,
2892,"MARSH, JENNY",4/1/2024 10:00:00 AM,2008 KIA Sportage LX Automatic,Tony Nguyen,SELF PAY,01 DFR,8.3,3,1,1,0,1254.06,BRIAN RAMIREZ,SERGIO ROLON,,4/3/2024 4:00:00 PM,,
2911,"BREWER, RICHARD",3/27/2024 9:00:00 AM,2016 DODG Challenger SXT,Sep Sadeghi,STATE FARM INSURANCE COMPANIES,04 Body,41.5,6,0.891892,1.004819277,172.93,8771.66,JOSE MORENO,SERGIO ROLON,,4/10/2024 5:00:00 PM,,
2941,"SOWLES, LESLIE",4/1/2024 5:00:00 PM,2011 KIA Soul + Automatic,Sep Sadeghi,STATE FARM INSURANCE COMPANIES,04 Body,15.2,3,0,1,50,2428.85,BODY - WORKORDER,SERGIO ROLON,,4/8/2024 5:00:00 PM,,
